Height,Weight,Age,Grip strength,Frailty,Grip strength (kg)
65.8,112,30,30,N,13.607759999999999
71.5,136,19,31,N,14.061352
69.4,153,45,29,N,13.154168
68.2,142,22,28,Y,12.700576
67.8,144,29,24,Y,10.886208
68.7,123,50,26,N,11.793392
69.8,141,51,22,Y,9.979023999999999
70.1,136,23,20,Y,9.07184
67.9,112,17,19,N,8.618248
66.8,120,39,31,N,14.061352
